year,month,day,hour,latitude,longitude,DEM,TP,DT,tas,RH,WbT,WS,EPT,T400,T500,T650,T700,T750,T800,T850,T900,T950,T975,400RH,500RH,650RH,700RH,750RH,800RH,850RH,900RH,950RH,975RH,400VV,500VV,650VV,700VV,750VV,800VV,850VV,900VV,950VV,975VV,FR,name
2001,12,16,20,24.1,115.3,193.4843445,1.092273,11.1646667,14.3501068,0.811764049,12.4778332,1.150758674,26.5305351,-18.4594025,-8.7145599,2.5568939,4.8094727,7.8062988,10.9093567,12.9215637,13.3517548,14.0103546,13.6889893,4.47E-06,9.52E-06,6.24E-05,7.54E-05,8.76E-05,8.98E-05,0.000103585,1.000940828,0.84766983,0.818352556,0.149737358,-0.024234772,-0.140987396,-0.018865585,0.068172455,-0.081902504,-0.235631943,-0.274106026,-0.191515923,-0.138127327,FALSE,Southern
2012,2,10,20,26.4,112.8,92.42288208,0.390026,-2.7309326,2.8303772,0.668186463,0.669198,1.465187262,15.8292391,-19.7475189,-9.1382507,0.5185028,1.1333557,2.2360474,3.2144714,2.7083527,-1.4993652,-0.4495148,1.0425201,1.62E-06,3.18E-06,3.50E-05,4.89E-05,5.81E-05,5.58E-05,4.35E-05,0.826288118,0.668868151,0.626974649,0.070544243,0.065970421,-0.006872177,-0.033423424,-0.013737679,0.04364872,0.034826279,-0.092015266,-0.179691315,-0.18606472,FALSE,Central
2011,1,27,8,27,106,1233.033813,0.471331,-2.9761871,0.627298,0.768066079,-2.68,2.245941186,19.6957076,-23.6819061,-12.1187347,-0.063269,2.4599091,-2.7757324,-5.3456787,-1.4352783,1.633905,4.4928986,5.869165,0.191485128,0.153883448,0.2233288,0.504734345,0.887182722,0.978219662,0.803122864,0.718207264,0.718207464,0.717950659,-0.415102959,-0.057870865,0.150824547,-0.175867081,-0.086783409,-0.03984642,-0.052776337,-0.002806664,-0.015216827,-0.006546974,TRUE,Southwestern
2014,2,28,20,31.8,114.1,344.5739441,3.640294,1.0218903,1.9131256,0.938138065,-0.51,4.03055832,27.2683211,-25.0413574,-13.6176208,-5.1516022,-2.5061859,-0.9664215,-0.1960815,1.5877319,1.3910919,-0.7275299,0.2956482,0.622490654,0.44341301,0.874788075,0.935716705,0.926135321,0.991994543,0.991114216,0.989332018,0.997308435,0.99690918,0.080188751,0.006537437,-0.110431671,-0.062119484,-0.135555267,-0.153147697,0.07114315,0.406885147,0.410612106,0.238239288,TRUE,Central
2003,12,3,20,28.8,105.8,285.0038147,2.995405,9.261026,9.7989594,0.96452257,9.4997096,1.41660072,17.0637079,-27.3137268,-13.6941437,-1.4139313,0.5335175,1.8490692,2.7455841,3.8865143,5.5398193,8.1578156,9.6251923,3.12E-06,1.25E-05,3.66E-05,4.50E-05,5.49E-05,5.31E-05,5.77E-05,1.013734379,1.002808762,0.980157738,-0.219805717,0.070979118,-0.128523827,-0.087427139,-0.082447052,-0.244275093,-0.257702827,-0.301985741,-0.109984398,-0.047842026,FALSE,Southwestern
2011,1,13,8,27,106,1233.033813,0.187206,-1.8054565,2.9658142,0.708649384,-1.22,2.184712431,23.3537295,-16.8824371,-8.1460327,-2.8041443,-2.3991455,-1.9433807,-3.2077698,1.1499115,4.2442871,7.1267487,8.530603,0.026945229,0.0320432,0.483980541,0.864348898,0.920925036,1.003855257,0.771259375,0.723066969,0.721096821,0.720191212,0.397043228,0.323422432,-0.100554466,-0.138820648,-0.297805786,-0.270697594,-0.24318409,-0.217568398,-0.208286285,-0.207266808,TRUE,Southwestern
2012,2,9,8,35.2,109.9,726.1374512,0.190891,-12.7527679,1.6864563,0.333708154,-2.9257426,1.482475147,4.5671539,-26.8087372,-17.3492645,-16.3322968,-14.883551,-14.502478,-12.4985565,-8.0419067,-3.7342285,0.3846375,1.9746796,6.67E-06,1.66E-05,1.41E-05,1.49E-05,1.40E-05,1.38E-05,1.41E-05,0.446394997,0.348953934,0.333336077,0.091463089,-0.223284721,0.006287575,0.123562813,0.152349472,-0.075322151,-0.067989349,0.113148689,0.199965477,0.139308929,FALSE,Northwestern
2008,1,22,2,26.7,110.6,328.8696289,0.20933,-3.8738159,-2.1075806,0.876955785,-1.82,1.458756174,20.6701356,-22.2811951,-8.1568054,5.7467896,2.3978973,0.3821503,0.4892975,-1.5591949,-5.9859528,-3.2744354,-1.986792,0.117793646,0.048960915,0.075384183,0.54031254,0.890228052,0.901152316,0.797410059,0.919583852,0.864053841,0.85732378,0.079797745,0.30640316,0.308590889,0.039386749,-0.16628933,-0.227910995,-0.208285332,-0.252487183,-0.157847404,-0.139440536,TRUE,Central
2012,12,11,8,23.1,107.1,537.7846069,0.620618,7.8812347,12.1361633,0.752272353,9.7853757,3.182599268,22.2866586,-18.588324,-6.7702545,0.0526978,3.6817108,6.0582062,8.5862366,8.8714233,7.5993896,10.8828064,12.2255188,3.06E-06,1.09E-06,3.09E-05,6.99E-05,7.92E-05,8.71E-05,8.47E-05,0.939207993,0.781425209,0.756203804,-0.033301353,0.010998726,-0.03844738,-0.271848679,-0.238493919,-0.302988052,-0.140219688,0.128042221,0.13155365,0.10718441,FALSE,Southern
2014,12,12,20,43.4,128.2,598.9081421,0.373721,-20.8176483,-18.0469421,0.788693092,-18.4462218,3.091848662,-11.0901813,-47.9360718,-42.3276733,-32.4348053,-30.0873474,-28.2953247,-25.8421997,-22.9882874,-20.5244354,-17.5826935,-16.2959961,3.30E-07,1.11E-06,2.26E-06,2.77E-06,3.41E-06,4.18E-06,5.11E-06,1.073707218,0.954260159,0.952745228,0.055912971,0.036548615,0.20353508,0.305930138,0.440335274,0.58378315,0.439103127,0.244758606,-0.017267227,0.019130707,FALSE,Northeastern
2000,12,11,8,30.2,116.1,87.77787781,0.466064,-2.6881012,5.333078,0.562388038,2.146565,5.519685015,12.8216033,-25.8465179,-15.8272308,-4.9801697,-1.5363831,0.5323425,0.3889862,-0.1625275,-0.1512817,-0.1798309,1.7992035,2.08E-06,6.42E-06,3.29E-05,4.64E-05,5.26E-05,4.83E-05,3.50E-05,0.553326006,0.761228542,0.693531303,0.12184906,0.009887695,0.015472412,-0.212745667,-0.298607826,-0.279332161,-0.242051125,-0.160676956,-0.047367096,-0.043205261,FALSE,Southeastern
2000,2,14,2,28.2,109.7,305.5163269,0.385506,5.5390106,8.0775085,0.840130845,6.7945317,2.428872147,12.4748928,-18.2955231,-5.1858887,-4.0620941,-1.9575562,-0.7429108,-0.5380768,-0.4935059,2.0705811,5.8076874,7.1286713,1.71E-06,2.82E-06,4.14E-05,4.68E-05,4.71E-05,4.54E-05,3.68E-05,0.861920023,0.832714825,0.849306145,0.062157631,0.213122368,-0.137958527,0.010257721,0.014604568,-0.09408474,-0.175789833,-0.225491524,-0.374622345,-0.294235229,FALSE,Central
2000,1,8,20,29.3,120.2,106.3207398,16.763139,8.462915,8.7024475,0.983924759,8.5730576,0.767346938,42.823281,-23.0205139,-15.9976257,-3.2040161,-0.2648224,2.55401,5.8272339,8.2451874,10.2130829,9.8675323,8.9193512,0.035776148,0.495667419,0.877423506,0.945938845,0.98928565,0.980497179,0.971257439,0.87887537,0.892314177,0.89563983,-0.134368896,-0.112277031,0.098292351,0.144164085,0.167192459,0.236076355,0.169939995,-0.001631737,-0.052024841,-0.035625458,FALSE,Southeastern
2008,2,10,20,27.3,112.7,1268,0.01,-9.3,-6.3,0.759,-7.21,1.549093621,14.159677,-10.9255737,-5.2352509,-1.6196198,-1.8971924,-2.2523865,-3.9093384,-4.8566345,-3.0908722,0.4351593,1.5566498,0.010395956,0.031343374,0.911819801,0.958226252,0.920615311,0.846815977,0.649033737,0.59833106,0.447127218,0.459220447,0.240343094,0.051100731,-0.107592583,-0.006878853,-0.014043808,-0.014222145,0.014465332,0.004308701,0.037563324,0.031927109,TRUE,Central
2001,2,24,2,29.3,107.8,402.3717346,0.81512,5.5638062,7.6400085,0.867006977,6.5638705,1.572279815,15.0882696,-30.6379456,-17.7634644,-6.9097351,-3.2486328,-0.3342346,0.4331909,2.0009552,6.3886047,9.3017822,10.695993,3.69E-06,1.19E-05,2.58E-05,4.16E-05,4.92E-05,4.86E-05,5.11E-05,0.947042322,0.904426203,0.902428923,0.203615189,0.086294174,-0.165486336,-0.366986275,-0.330273628,0.096971512,0.173494339,-0.074783325,-0.039836884,-0.033022881,FALSE,Southwestern
2005,2,1,2,22.4,109.3,97.79821777,0.228111,8.3306213,10.2693573,0.877722596,9.2215719,1.954549892,23.7397725,-16.8138489,-6.8903564,7.1247192,11.235788,14.7257629,11.7637878,10.2582642,9.977121,8.6115051,7.5387054,1.17E-06,5.73E-06,2.46E-05,3.01E-05,3.69E-05,7.06E-05,9.03E-05,0.976308632,0.975377884,0.981906729,-0.13272953,0.134917259,0.126438141,0.070338249,-0.071033478,-0.21295929,-0.204190254,-0.143104553,-0.08374691,0.0359478,FALSE,Southern
2000,12,17,8,27.3,103.8,1950,0.01,-1.2,-0.8,0.9662,-0.93,1.961375678,77.8710512,-23.7683014,-9.4389404,7.8858276,5.6950165,11.3536011,15.9740234,19.1300751,22.1974731,25.0350586,26.4482513,0.194599619,0.041738482,0.115602751,0.638172617,0.466845598,0.389012709,0.39128438,0.38521822,0.390736558,0.390513201,-0.121584892,0.263231277,0.170747757,-0.169025421,-0.20687294,0.011036873,-0.045451164,-0.034966469,-0.029377937,-0.033522606,TRUE,Southwestern
2004,2,1,14,45.6,131.9,110.2328339,1.327053,-16.5550446,-14.1229919,0.81796301,-14.5691152,1.37239283,0.597114,-46.0339874,-34.4882111,-21.1674561,-18.2625336,-15.7441162,-13.6181549,-11.8316864,-11.1527924,-13.2905792,-14.8807281,3.94E-07,3.05E-06,8.64E-06,1.07E-05,1.27E-05,1.44E-05,1.64E-05,1.001547632,0.921986322,0.925737782,-0.433858871,-0.272716522,-0.215185165,-0.237204552,-0.294859886,-0.378939629,-0.412878036,-0.254973412,-0.13112545,-0.124855995,FALSE,Northeastern
2015,12,9,20,34.4,115.9,47.54668808,0.119075,4.2835632,4.6888824,0.972060216,4.4980275,2.021925384,12.3289062,-31.987677,-19.0800079,-3.2849182,1.2651917,3.5790802,0.3770844,-0.6329102,3.6469818,5.2074066,5.378244,6.48E-07,2.02E-06,6.06E-06,8.31E-06,1.99E-05,3.09E-05,4.14E-05,0.823621235,0.863170729,0.940980225,0.016308784,0.061301231,0.232757568,0.058792114,-0.079696655,-0.010414124,0.072070122,0.049543381,0.023729324,0.02851963,FALSE,Central
2018,12,13,14,29.1,120.4,230.3569641,0.328326,-0.8334564,1.783548,0.827746706,0.7201166,1.368455249,13.6477867,-17.6809601,-13.5514282,-2.0316833,-0.7522949,0.121347,0.8623901,0.6260162,0.5821472,-0.2285065,1.3855072,3.09E-07,2.60E-06,2.06E-05,3.89E-05,4.60E-05,4.61E-05,4.42E-05,0.858048697,0.866954184,0.834599257,-0.073822021,0.080154419,0.168416977,0.065867424,-0.01604557,-0.060770035,-0.000831604,0.040505409,0.128986359,0.084136963,FALSE,Southeastern
2001,1,5,14,26.2,119.6,70.68862152,2.089962,11.3810059,13.6929413,0.8593173,12.3414374,6.228657257,22.3435401,-21.7062592,-10.4737305,-1.2638916,2.0427795,5.0026337,6.9483276,8.9257446,10.2227264,10.6744324,11.5201813,1.50E-06,1.40E-06,2.55E-05,3.75E-05,4.80E-05,6.43E-05,8.33E-05,0.989167671,0.995720997,0.947323666,0.09598732,0.002432823,-0.143873215,-0.131586075,-0.119847298,-0.147555351,-0.449005127,-0.796869278,-0.451953888,-0.145195961,FALSE,Southeastern
2001,12,30,20,34.1,108.6,409.9095154,0.962025,-2.4627136,0.8691345,0.784094553,-0.5065387,2.526348548,16.3405389,-37.7159943,-25.5380768,-11.5754913,-7.3235687,-3.9209808,-0.1071838,3.1967712,6.9498993,9.1572052,11.2217194,8.50E-07,3.16E-06,7.77E-06,9.32E-06,1.15E-05,1.41E-05,1.82E-05,0.334076089,0.407720375,0.610069008,0.371994972,0.65286541,-0.41582489,-0.852222443,-0.910551071,-0.767245293,-0.288234711,-0.315262794,0.484441757,0.608516693,FALSE,Northwestern
2016,2,24,8,31.4,110.7,692.321228,0.347674,1.2691132,10.5770508,0.525455047,6.08955,1.460456102,15.887623,-29.0128235,-21.0289978,-11.253302,-8.6064514,-5.7157806,-1.6116394,2.7641846,6.9446655,10.1837097,11.5867706,5.56E-06,7.19E-06,1.58E-05,2.08E-05,2.71E-05,3.54E-05,3.60E-05,0.556755533,0.516609564,0.513910275,-0.041659355,-0.203783989,-0.131245613,0.016764641,-0.059212685,-0.215849876,-0.317310333,-0.372156143,-0.468935013,-0.457262993,FALSE,Central
2005,2,9,14,27.1,113,129.0032349,3.253497,0.672464,1.2820221,0.957096348,1.0279865,3.743595431,15.855718,-25.2435822,-13.4441742,0.0710083,1.5670258,5.7357574,4.9770294,2.7334839,-0.5980438,-2.6115173,-1.6498169,2.24E-06,8.39E-06,1.90E-05,5.34E-05,7.42E-05,6.77E-05,5.41E-05,0.989839144,0.983149446,0.994356117,-0.243707657,-0.324890137,-0.611031532,-0.584483147,-0.492390633,-0.261158943,-0.12238121,-0.074990273,-0.138493538,-0.092891693,FALSE,Central
2005,12,10,2,27.1,114,841.3474121,0.165481,7.182962,8.1134888,0.93854329,7.6249231,0.689270261,20.2531714,-16.8036865,-9.0510925,-1.0461487,2.7608887,4.4617706,6.2029968,6.9307037,7.297876,7.1964966,7.8511139,1.44E-06,7.42E-07,4.80E-05,6.47E-05,6.89E-05,7.37E-05,7.23E-05,0.862721329,0.830115643,0.929895143,0.133933067,-0.051354408,-0.066039085,-0.156146049,-0.088903427,-0.073106766,-0.140202522,-0.203792572,-0.15215683,-0.065927505,FALSE,Southeastern
2012,1,23,8,27.3,103.8,1950,0.01,-3.3,-3,0.974,-3.11,1.675840794,59.7922114,-14.0417694,-9.1284546,-3.6294464,1.5045868,6.4362274,10.8875519,14.1058746,17.2502686,20.227533,21.7012421,0.01444232,0.110126228,0.77040494,0.595914106,0.482075586,0.393155851,0.397364435,0.398772936,0.400220242,0.399950056,-0.053108215,-0.225956917,-0.335848808,-0.830370903,-0.539134026,-0.006173134,-0.00996685,-0.00835228,-0.009719849,-0.011431694,TRUE,Southwestern
2019,12,18,8,28.5,118.2,229.03862,0.819199,6.6578766,10.1675049,0.788375571,8.3311166,3.071912739,20.8729286,-21.8197235,-11.7198395,-1.4154114,1.126413,4.3683258,6.7663208,7.5222717,7.1175476,6.4022766,8.1751495,1.77E-06,5.07E-06,3.32E-05,4.74E-05,6.25E-05,7.40E-05,7.21E-05,0.969761577,0.934028578,0.870278416,0.036623001,-0.051742554,0.08662796,0.118071556,-0.115187645,-0.283307076,-0.271903038,-0.161558151,0.105628967,0.137243271,FALSE,Southeastern
2015,12,1,8,32.6,111.5,239.7099152,0.481591,7.2731415,13.3495117,0.666595883,10.057474,0.836314661,20.4159617,-27.8570465,-15.2943176,-2.8584656,-0.462439,2.3303314,5.0603882,7.0867096,8.52659,9.8916718,12.0056396,7.76E-06,1.47E-05,2.90E-05,2.90E-05,2.88E-05,3.30E-05,3.85E-05,0.640796347,0.779028969,0.697184057,-0.538534164,-0.379197121,0.068376541,0.072520256,-0.015036583,-0.057750702,-0.041734695,0.035737991,0.028900146,0.024055481,FALSE,Central
2018,12,9,20,27.8,107.5,810.9464111,1.598924,-3.3398956,-2.1975006,0.918727215,-0.61,1.645762549,17.955119,-24.4432434,-13.3186859,1.2630402,4.0944611,1.9251648,-0.3630737,-3.3826202,-3.6266846,-0.8925995,0.4408813,0.054900837,0.090681505,0.323700647,0.64120081,0.987788277,0.979750156,0.956117868,0.967358341,0.923732881,0.921586628,-0.103815079,-0.316403389,-0.057941437,-0.245498657,-0.249490738,-0.03459549,0.067523003,0.043143272,0.016018867,0.014029503,TRUE,Southwestern
2010,2,14,20,30.8,104.4,442.5822449,2.567251,2.952005,4.202951,0.915664728,3.6184914,1.411308477,10.1222125,-27.4701599,-12.8448395,-12.8550018,-11.5821136,-8.9449219,-6.1105713,-2.7392792,0.4354187,3.8523193,5.3346344,3.28E-06,7.70E-06,1.84E-05,1.98E-05,2.35E-05,2.81E-05,3.35E-05,0.896392813,0.828507738,0.900204868,0.426492691,0.097372055,0.046595573,0.002727509,-0.006191254,-0.01541996,-0.095488548,-0.218615532,-0.169737816,-0.094154358,FALSE,Southwestern
2014,2,7,14,37.6,120.3,11.46058178,0.462192,-8.7878326,-2.9378571,0.640481885,-4.7416258,3.393311834,0.5475392,-36.5835022,-23.8514618,-15.3320526,-15.2511963,-14.6038879,-13.4198517,-11.8789886,-10.9934906,-8.1884064,-6.2659058,2.20E-07,2.98E-07,1.23E-05,1.22E-05,1.20E-05,1.24E-05,1.17E-05,0.706645269,0.893765116,0.795360851,0.012330055,0.046196938,0.200108528,0.138250351,0.149889946,0.153413773,0.145401001,0.108176231,-0.024178505,-0.083157539,FALSE,Southeastern
2001,2,12,14,24.5,109.8,202.7269135,1.99526,8.2848602,9.8987976,0.896951619,9.0281346,3.847812249,22.3707681,-15.5560211,-2.5152802,5.7219025,5.6107574,5.1130005,7.4516998,8.9517609,10.1142822,7.6140533,8.1823975,1.78E-06,1.23E-06,9.23E-06,3.77E-05,7.13E-05,7.64E-05,8.20E-05,0.9223594,0.901140614,0.895844355,0.03490448,-0.098381042,-0.452523232,-0.50565815,-0.499921799,-0.489157677,-0.348227501,-0.276614189,0.406398773,0.484823227,FALSE,Southern
2018,2,21,2,25.4,118.7,46.52381134,0.600252,9.9798981,11.4573761,0.906389995,10.6227895,1.363819621,24.1343032,-21.7850708,-9.4447845,0.0470215,3.2910248,6.528421,9.0779205,10.6347748,9.4334503,9.8595215,11.2638641,6.36E-07,1.68E-06,5.21E-05,6.03E-05,7.61E-05,8.78E-05,9.27E-05,0.998025274,0.958666933,0.939659872,-0.083580971,0.043271065,-0.001144409,-0.263870239,-0.29582119,-0.097724915,-0.026268959,0.224403381,0.226516724,0.142719269,FALSE,Southeastern
2014,2,8,20,26.4,107.5,897.4640503,2.990841,-4.6155609,-2.7559875,0.870191884,-0.55,3.822124044,13.4433456,-14.3405365,-9.0769409,-2.3400482,-0.0452484,0.3358551,-1.2806,-5.9005493,-2.8255676,-0.1266388,1.2677399,0.044863911,0.204597788,0.895695438,0.981510811,1.018327856,0.951279564,0.936959848,0.907390957,0.900013018,0.895749893,0.128713608,-0.094060898,-0.073564529,0.047880173,0.109410286,0.049881935,-0.070915222,-0.198719025,-0.140942574,-0.146912575,TRUE,Southwestern
2005,12,10,8,30.3,118.1,203.0095062,0.906858,5.16604,8.1543518,0.814394635,6.6600634,1.864378711,15.7360523,-24.8351959,-13.8867706,-6.2356171,-3.1138214,-0.5974182,1.3522125,2.6193024,3.148645,5.6558167,7.4040466,2.04E-06,3.73E-06,3.38E-05,3.89E-05,4.22E-05,5.10E-05,5.08E-05,0.818543291,0.876426964,0.79368227,-0.164792061,0.081525803,0.104935646,0.231264114,0.184951782,0.205012321,0.261156082,0.231882095,0.011345863,-0.071992874,FALSE,Southeastern
2012,12,20,2,27.8,98.7,3724.192627,0.863034,-1.0036072,0.0632874,0.925269126,-0.4456098,0.49587397,22.3419706,-19.181189,-12.5460114,-4.4460205,-0.7113556,2.2951141,5.7014557,8.9249664,11.9991699,14.95112,16.398172,2.56E-06,1.15E-05,3.92E-05,4.77E-05,4.87E-05,4.87E-05,4.87E-05,0.957820702,0.965058273,0.962941107,0.326339722,-0.390769958,-0.557249069,-0.366678238,-0.237980843,-0.255612373,-0.2728405,-0.265597343,-0.26630497,-0.261558533,FALSE,Southwestern
2011,1,7,8,27.4,104.9,1668,0.0399,-4.7,-3.4,0.8912,-3.85,1.571189137,38.2516325,-20.4278168,-10.3454193,1.7225433,2.3381134,-0.6217102,3.8359619,7.0955444,10.2153259,13.1731354,14.5843292,0.052826815,0.04089632,0.218915997,0.510019503,0.831910849,0.648937378,0.604629984,0.597829076,0.597019655,0.597319832,0.127152443,0.211532593,0.443472862,0.404766083,-0.607163429,-0.271763802,-0.109415054,-0.125141144,-0.128108978,-0.127380371,TRUE,Southwestern
2014,1,25,20,28,105.8,769.0588379,2.182144,7.4343964,8.5035645,0.929888794,7.9158751,0.953800249,18.2713823,-18.8184113,-7.662146,-3.1435913,-1.533316,0.8797852,2.850824,5.039209,8.8288361,11.6982208,13.1163116,3.47E-06,2.50E-06,4.48E-05,4.77E-05,5.40E-05,5.78E-05,6.25E-05,0.872606964,0.886064158,0.891031828,-0.15678215,-0.24409008,-0.182324409,-0.323433876,-0.545174599,-0.549471855,-0.251801491,-0.031474113,-0.036149025,-0.030522346,FALSE,Southwestern
2000,12,10,20,30.7,93.3,4994.9375,0.482732,-29.0391602,-26.30625,0.776933513,-26.6419372,1.410954187,17.5280328,-28.8208679,-17.5943817,-9.4192871,-5.7087616,-2.1625885,1.1807648,4.3304993,7.3659607,10.2978607,11.6844269,4.13E-06,1.33E-05,7.00E-06,7.00E-06,7.00E-06,7.00E-06,7.00E-06,1.010208759,1.014819746,1.01436038,0.178884506,0.058298111,-0.03470993,-0.007627487,-0.018379211,-0.018107414,-0.012405396,-0.006299973,-0.010609627,-0.018012047,FALSE,Southwestern
2017,1,6,8,30.1,103.1,803.6253052,0.212923,5.1499115,10.7609344,0.68279017,7.7740699,1.49423067,18.3290747,-31.1608643,-18.8063873,-2.4393677,0.8684631,1.9146362,2.0764404,5.0942627,8.9508453,12.0190979,13.4359833,1.26E-06,3.35E-06,1.15E-05,2.42E-05,4.38E-05,5.59E-05,6.35E-05,0.768011236,0.731257963,0.728591185,0.08787632,0.142272949,0.256355286,0.058719635,0.033007622,-0.036580086,-0.296113968,-0.260807037,-0.224139214,-0.227339745,FALSE,Southwestern
2005,1,18,20,24.6,112.1,983.2059937,1.187566,4.9296661,7.0334412,0.864741288,5.9696998,1.244451293,19.4251934,-21.687323,-11.8200439,-2.8925385,-1.4631256,2.829248,5.1761108,6.1404358,7.2543121,7.075647,8.4476868,1.21E-06,3.14E-06,2.97E-05,4.62E-05,6.20E-05,6.85E-05,6.95E-05,0.841385479,0.878816767,0.876156101,0.207471848,0.162646294,0.144987106,0.08211422,-0.112896919,-0.171622276,0.064349174,0.129020691,-0.042656898,0.007695198,FALSE,Southern
2015,1,23,14,26.6,108,889.8757324,0.37621,9.8932587,11.5975891,0.892835617,10.6024472,3.993095778,21.5134387,-18.578833,-7.7751678,4.2855621,5.0821777,3.4697357,4.9384857,8.1335083,10.880014,13.738382,15.0989471,4.01E-07,2.44E-06,1.19E-05,3.19E-05,4.34E-05,6.73E-05,7.90E-05,0.928118277,0.915397883,0.910293884,0.023532867,0.070794106,-0.483919144,-0.344105721,0.17773819,0.425322533,0.657168388,0.522564888,0.405414581,0.409418106,FALSE,Southwestern
2017,12,27,8,44.3,85.6,518.0075073,0.256824,-5.8919891,2.050531,0.556908233,-1.0338045,4.078436127,11.3408977,-34.8164276,-23.0073151,-14.2427582,-11.4804138,-8.319754,-4.8924316,-1.5759644,0.8362061,2.8728424,4.2904144,3.44E-06,9.39E-06,1.66E-05,2.08E-05,2.49E-05,3.06E-05,3.47E-05,0.72124951,0.554380541,0.546601725,-0.380682945,-0.453384399,-1.29176712,-1.510572433,-1.146373749,-0.340400696,0.238714218,0.642564774,0.365704536,0.368095398,FALSE,Northwestern
2013,1,5,8,26.4,106.3,1247.046143,0.668156,-4.5989746,0.3366486,0.694665383,-3.71,2.929650528,18.6277212,-17.8568634,-3.8850464,6.0259033,2.2354218,-1.9758362,-5.3220734,-1.6033081,1.6120697,4.4149261,5.8061768,0.129821272,0.067221336,0.080866308,0.785434141,0.933582563,0.958012962,0.769589195,0.690351057,0.696026449,0.694136,-0.350459099,-0.153628349,0.138724327,-0.104166985,-0.250012398,-0.076130867,-0.094067574,-0.077632904,-0.059573174,-0.058839798,TRUE,Southwestern
2016,2,14,14,25.9,118.9,284.53125,8.335516,6.2313629,6.286554,0.996203278,6.2585736,1.312621938,15.0472318,-12.9512238,-4.197287,-2.1935181,1.083078,4.3815704,3.672998,1.9617859,3.503656,6.2472778,7.566507,7.74E-07,1.49E-06,3.98E-05,5.32E-05,6.82E-05,6.25E-05,5.09E-05,1.002435026,0.997991905,0.988969259,-0.04861927,0.219009399,-0.01502037,-0.10315609,-0.382741928,-0.222098351,-0.292612076,-0.664593697,-0.18298912,-0.057181358,FALSE,Southeastern
2012,1,20,2,21.6,110.3,47.21900177,0.446588,18.1270538,19.0994659,0.940971512,18.4489611,2.89976605,27.6101026,-16.761618,-7.0646423,1.7631317,5.5490356,9.0289856,11.4395844,13.9516541,15.8637634,16.3297363,16.7744843,3.37E-06,2.58E-06,4.01E-05,5.72E-05,7.07E-05,0.000100666,0.000112795,0.795884371,1.004878378,0.995469093,0.053767204,0.137769699,0.107270241,-0.057812691,-0.295927048,-0.354444504,-0.291431427,-0.207368851,-0.073807716,-0.029900551,FALSE,Southern
2013,12,14,20,47.9,123.5,182.6069336,0.353834,-15.8896393,-8.9590057,0.572156961,-10.4721007,2.75371884,-3.8352114,-50.8289856,-38.2322144,-24.0208038,-20.1424469,-16.92948,-15.4334473,-16.062735,-13.9153198,-11.1328339,-9.600531,5.53E-07,1.97E-06,6.93E-06,8.84E-06,1.09E-05,1.20E-05,1.09E-05,0.814416981,0.65925354,0.596937904,-0.066776276,-0.54037571,-0.135320663,0.159762383,0.34576416,0.323979378,-0.023547173,-0.139510155,0.137583733,0.152554512,FALSE,Northeastern
2004,2,29,8,32.2,120,5.99550009,1.572337,2.2184998,5.929361,0.770803001,4.2466439,5.20811299,10.4447184,-23.8459229,-12.798468,-3.1507782,-1.6239685,-3.253714,-4.2235931,-2.43125,-1.5641846,0.9963165,2.4097992,1.05E-05,2.57E-05,4.60E-05,4.80E-05,3.92E-05,2.51E-05,1.49E-05,0.410842285,0.797641192,0.804623156,-0.640812874,-0.875915527,-0.908561707,-0.459841728,0.143876076,0.269501686,0.220014572,0.306053162,0.23059845,0.144822121,FALSE,Southeastern
2008,1,28,8,24.1,114.2,542.9355469,1.091163,5.9578796,6.6144653,0.955764016,6.2787121,1.40471118,24.0010191,-14.8418945,-9.8102325,3.5589386,4.9130798,6.9846893,8.7997528,10.5075317,10.4115692,5.1391541,6.5533997,1.87E-06,2.41E-05,5.14E-05,7.02E-05,7.99E-05,8.59E-05,9.39E-05,0.981263428,0.983607979,0.975762501,-0.016773224,-0.034823418,-0.039669037,0.110075951,0.220919609,0.247751236,0.063144684,-0.0564394,-0.013046265,-0.052659988,FALSE,Southern
2017,12,23,8,30.8,95.8,4498.303223,2.085254,-9.6236176,-6.8777374,0.80785191,-7.9175148,1.550710468,24.4557175,-26.4070496,-16.186377,-3.1551575,0.6682983,4.2720734,7.6911407,10.9430786,14.0281921,17.0114685,18.4406525,1.04E-06,4.24E-06,2.85E-05,2.85E-05,2.85E-05,2.85E-05,2.85E-05,0.824474029,0.821174793,0.821735916,0.032837868,0.319067001,0.076972961,0.072662354,0.086492538,0.08417511,0.083018303,0.077568054,0.070323944,0.070427895,FALSE,Southwestern
2015,1,26,14,30.2,119.7,99.44051361,0.157095,5.9974762,8.7679077,0.827585232,7.3588951,1.681152665,19.7142344,-26.1866974,-14.7369751,-5.3511719,-1.8491577,1.153894,4.3141418,6.4163757,5.5603577,5.0483948,6.7224823,3.15E-06,5.86E-06,2.57E-05,3.90E-05,5.28E-05,6.33E-05,6.69E-05,0.918681126,0.997694855,0.935235624,-0.096683502,0.215818405,0.085864067,-0.007954597,-0.125310898,-0.346507072,-0.448517799,-0.270983696,-0.177019119,-0.127887726,FALSE,Southeastern
2004,12,2,14,34.7,108.2,980.857666,1.099777,4.3658386,4.6788879,0.97835747,4.5223249,0.71441583,14.7052152,-29.8423981,-16.4931854,-5.7973694,-2.7130798,-0.5410217,0.6201721,1.6353241,3.4377228,6.4473511,7.8009583,3.69E-06,8.78E-06,3.39E-05,4.14E-05,4.62E-05,4.96E-05,4.99E-05,0.989581575,0.914734526,0.916482496,-0.034697533,-0.052649498,-0.298171043,-0.22676754,-0.18724823,-0.108794212,0.055253029,0.242763519,0.128837585,0.064880371,FALSE,Northwestern
2011,1,29,20,26.9,104.3,2320.470459,0.94329,-6.3472809,-5.5089783,0.938126182,-1.91,2.137117388,21.5917242,-26.9609283,-14.8893341,-3.3094391,-2.5220856,-6.0929779,-4.4679474,-1.4172424,1.5350891,4.3276917,5.7464691,0.178838387,0.240731974,0.689646387,0.969055204,0.911737661,0.954004755,0.950949612,0.958127337,0.953748083,0.953428869,-0.097867966,0.457047462,-0.003958702,-0.659327507,-0.384622574,-0.266078949,-0.245165825,-0.249162674,-0.249806404,-0.24581337,TRUE,Southwestern
2007,1,7,2,26.9,104.3,2320.470459,0.253633,-4.0199799,-2.529715,0.894897697,-1.8,1.587715454,25.9965641,-15.5903229,-3.1744293,3.3554321,-1.8101562,-4.3915161,-1.9287628,1.2373444,4.1994263,7.0201508,8.4483124,0.026486406,0.01506999,0.275895824,0.963291035,0.90543479,0.879097595,0.872415028,0.872874498,0.871009693,0.870618019,-0.01233387,0.408874512,0.480026245,-0.120895386,-0.367757797,-0.277498245,-0.258265495,-0.260412216,-0.255936623,-0.252753258,TRUE,Southwestern
2013,1,20,2,25.3,110.3,165.9570313,0.201866,10.4224182,13.1865936,0.833334493,11.5896751,1.941261201,21.4341101,-21.5343994,-8.2849335,6.3314148,9.736673,9.2611176,5.2206055,8.0578094,9.9803711,11.6733337,12.5944763,1.08E-05,3.52E-06,5.10E-06,7.70E-06,2.37E-05,5.66E-05,7.79E-05,0.971081266,0.841508007,0.814236145,0.276013374,0.025529861,-0.35884285,-0.395125389,-0.428807259,-0.480983734,-0.742832184,-0.800786972,-0.266089439,0.044129372,FALSE,Southern
2008,1,27,8,26,113.9,851.5160523,1.391344,-1.2169861,-0.4478668,0.945387968,-2.96,1.069286632,29.9320947,-20.8886627,-9.469519,1.7176605,4.5411774,7.602655,6.6345154,2.8527618,-1.4262146,1.658197,3.0062805,0.620489473,0.20298214,0.505221529,0.904585609,0.9229072,0.959248495,1.030342293,1.047504759,1.002920923,1.008602762,0.146213531,-0.019376755,0.028627396,0.000720024,-0.084773064,0.160047531,0.402289391,0.331577301,0.321064949,0.257274628,TRUE,Central
2015,2,27,20,37.9,114.6,58.88085938,0.882497,-3.5520996,-1.671347,0.869904763,-2.3547794,1.496068677,5.9299565,-29.45867,-16.9007629,-12.1955017,-11.2502045,-9.8063416,-8.0165009,-6.7410339,-5.9919342,-4.655249,-3.4795441,5.18E-06,8.24E-06,2.02E-05,2.03E-05,2.04E-05,2.08E-05,2.10E-05,0.801346169,0.799920321,0.812233086,0.095998764,0.062541008,-0.158996582,-0.126318932,-0.04265976,0.021585464,0.011064529,-0.089878082,-0.216758728,-0.199716568,FALSE,Northern
2001,2,21,2,30.9,119.4,39.97597122,0.718651,9.1106049,10.088205,0.936496376,9.5529463,2.291980271,21.5368588,-27.0607513,-14.663382,-2.6416229,0.2492767,3.0742126,6.5699249,8.1558929,8.4268738,6.6298462,7.731546,7.97E-06,1.91E-05,4.48E-05,5.30E-05,6.15E-05,7.29E-05,7.74E-05,0.985717154,0.997671909,0.983143997,-0.077624321,0.013805389,0.090005875,0.224103928,0.281007767,0.186812401,0.176737785,0.067522049,-0.084599495,-0.083106995,FALSE,Southeastern
2005,12,28,2,26.9,117.2,433.4479981,1.71648,8.1535431,8.16987,0.998892293,8.1609553,0.710832411,19.2552486,-21.2339233,-10.9981598,-0.5927948,2.3140503,4.5069672,5.3967834,5.9783112,6.7735077,7.3969666,8.9325043,1.20E-05,2.60E-05,5.62E-05,6.43E-05,7.01E-05,6.95E-05,6.41E-05,0.880583334,0.982627373,0.980686417,-0.08771801,0.088376045,-0.409768105,-0.272844315,-0.090937614,-0.006148338,0.02859211,0.003216743,0.006369591,0.013263702,FALSE,Southeastern
2001,2,24,8,29.6,116,1165,2,-2.9,-2.6,0.9741,-2.71,4.4203581,19.7567521,-27.7182831,-17.0114655,-3.2537445,-0.7003998,1.2586456,0.7305695,-2.6545319,-1.1975769,2.6077057,4.6365295,0.637769461,0.413617659,0.129271631,0.195007725,0.079256744,0.062701855,0.768650389,0.954514036,0.801707993,0.711664801,0.015627861,-0.137823105,0.179645538,0.12993145,0.218107224,0.316315651,0.375331879,0.128608704,0.097259521,0.058848381,TRUE,Southeastern
2019,1,8,8,29.3,117.9,240.9855499,0.28564,3.8117615,6.7147003,0.81734428,5.3310956,2.388577063,14.7708668,-20.2776703,-10.0092072,0.008432,1.6783234,3.1019226,2.5785156,1.6980988,1.4488922,3.2540375,5.1989227,1.53E-05,3.30E-05,5.84E-05,5.90E-05,4.88E-05,4.23E-05,4.15E-05,0.988615179,0.962867489,0.866547785,0.071766853,-0.448004723,-0.248925209,-0.050488472,-0.094359398,-0.199831963,-0.158080101,0.06781292,0.3098526,0.345582008,FALSE,Southeastern
2018,12,16,14,24.7,101.6,2112.644775,0.300187,10.6144043,12.6764923,0.872685643,11.3992304,1.326148565,29.2746997,-16.4244598,-7.6870789,5.1318298,7.0498749,9.2627197,12.1843964,15.5408875,18.7007996,21.7123962,23.1718079,1.76E-05,3.65E-05,2.76E-05,4.35E-05,8.12E-05,9.42E-05,9.52E-05,0.796834583,0.799348774,0.800748987,-0.357157707,0.051010132,0.527838707,0.494466782,0.116017342,-0.185242653,-0.079750061,-0.056705475,-0.051768303,-0.05035305,FALSE,Southwestern
2011,1,28,2,28.4,104.5,452.6213684,0.580933,1.5598846,2.8341766,0.913234536,2.2667702,1.087177012,8.6220348,-28.9258789,-17.3291534,-8.0727905,-8.666037,-9.9709534,-7.2946838,-4.1713013,-1.4172882,1.4992767,2.8701111,5.67E-07,2.86E-06,2.62E-05,2.16E-05,2.13E-05,2.57E-05,3.19E-05,0.988728895,0.92683465,0.915101423,0.099835396,0.402029991,0.042229652,-0.005329132,-0.018070221,-0.134386063,-0.285237312,-0.083765984,0.07365799,0.071166039,FALSE,Southwestern
2013,1,4,8,26.6,106.8,1085.330566,0.372082,-5.9469513,-2.011969,0.744561285,-3.458029,1.961558254,8.277206,-19.6899475,-5.357428,0.3961121,0.4969879,0.7806183,-3.3748383,-4.5004333,-1.145224,1.6192261,2.9680878,1.33E-06,9.83E-07,1.74E-05,5.00E-05,5.05E-05,3.24E-05,2.76E-05,0.75222024,0.758028202,0.758196411,-0.078696251,-0.070983887,0.129800797,0.045816422,-0.182694435,-0.140712738,-0.152431488,-0.106173515,-0.096346855,-0.100861549,FALSE,Southwestern
2008,12,27,14,27.6,113.9,232.9869537,0.664324,6.4450623,8.0149475,0.898198053,7.2094535,1.422376353,22.918049,-20.8420929,-13.080542,-1.6292786,1.4331451,5.2605988,7.8666321,9.474054,10.6195465,8.6985107,7.590097,1.48E-05,8.41E-06,3.10E-05,4.68E-05,5.60E-05,7.26E-05,8.57E-05,0.872658024,0.837746553,0.912189121,-0.65389061,0.239583015,-0.079510689,0.047533989,0.038484573,-0.098243713,-0.026621819,0.006921768,0.049461365,0.005498886,FALSE,Southeastern
2012,1,26,8,26.7,105.8,1319,0.8,-0.6,0,0.9501,-0.22,1.406436099,30.4779048,-12.2711395,-0.8353638,1.0578247,0.1515747,-1.7952637,-1.1294464,3.080423,6.0076691,8.8765808,10.2877594,0.02012681,0.033513699,0.283335104,0.677854757,0.944168571,0.913881406,0.72454854,0.72201314,0.724472837,0.723900652,0.44019413,0.457070351,0.020058632,0.235321999,0.007666588,-0.113211632,-0.090291977,-0.077767372,-0.078111649,-0.076942444,TRUE,Southwestern
2008,2,9,20,25.8,104.6,1723.706543,1.860917,-4.1518158,-3.3073029,0.938786547,-2.11,1.755501397,21.9671184,-10.0703339,-2.6420502,0.6458374,0.567392,-6.3318695,-4.3199524,-1.2140564,1.7436462,4.5806061,5.9770599,0.010063849,0.102538319,0.997520866,1.002213678,0.958811579,0.962534656,0.952083607,0.945428047,0.947910833,0.948733759,0.308436394,0.837270737,-0.170487404,-0.381347656,-0.43489933,-0.344686508,-0.205789566,-0.196656227,-0.203206062,-0.196064949,TRUE,Southwestern
2006,1,12,20,32.7,119,10.95576286,1.113883,3.9226624,5.0156952,0.926418457,4.5039407,2.857103031,17.9104388,-29.4240936,-16.3876862,-1.0772766,0.994577,-1.4465851,2.2401215,4.694986,6.7852417,6.053949,2.2666107,6.46E-07,1.14E-06,9.91E-06,2.11E-05,3.54E-05,4.51E-05,4.26E-05,0.673462063,0.666414642,0.992217054,0.344614983,0.420269012,0.317338943,0.146794319,0.059370041,0.04190731,0.024515152,0.003458023,0.005899429,0.029063225,FALSE,Southeastern
2001,12,6,20,30.6,103.5,590.821106,0.117258,-0.6392731,2.7618042,0.783084731,1.3033411,0.247141011,10.4834026,-27.9565643,-13.503653,0.6531006,-0.5325073,-2.1271118,-3.2092194,-2.3945068,0.2364746,3.1353241,4.5433136,1.44E-06,4.96E-06,2.23E-05,2.76E-05,3.02E-05,3.14E-05,3.47E-05,0.831437149,0.745306902,0.750437985,-0.047199249,-0.212038994,0.25617981,0.013295174,-0.021823883,-0.227491379,-0.165693283,-0.021072388,-0.025978088,0.00038147,FALSE,Southwestern
2002,1,12,8,35.1,117.2,82.01862335,5.217145,9.1361023,10.5227753,0.911289342,9.7598089,1.733333639,17.7853207,-31.7261108,-19.3323273,-5.7024597,-2.9291595,-0.2913574,2.0611206,4.5754486,6.3176514,9.8305908,10.9986511,3.63E-06,7.98E-06,3.61E-05,4.32E-05,4.90E-05,5.40E-05,4.95E-05,0.654279034,0.653769369,0.732433252,-0.512318611,-0.250636101,-0.497023582,-0.36340332,-0.045484543,0.213855743,0.229538918,0.52455616,0.472411156,0.214235306,FALSE,Southeastern
2005,1,31,2,28.2,105.4,567.1929321,0.755455,4.0125977,5.3674866,0.909763439,4.7080302,0.860273936,12.1187096,-18.273642,-5.6790527,2.4786163,-0.9170135,-4.5319427,-3.5689758,-0.8335632,2.0553986,4.8057648,6.1986328,2.81E-06,3.56E-06,2.69E-05,3.13E-05,3.01E-05,3.59E-05,4.20E-05,0.969716539,0.955714169,0.957056246,0.137727737,0.304160118,0.035787582,-0.028639793,-0.05121994,-0.260216713,-0.502991676,-0.278971672,-0.146787643,-0.150225639,FALSE,Southwestern
2008,2,1,2,26.6,108,889.8757324,0.86483,-6.4158539,-4.0522827,0.836075608,-4.8563282,3.4689464,4.6564423,-20.4920868,-9.7920898,-1.827597,-0.9386047,-4.0583862,-5.9651855,-7.9567169,-5.6839508,-2.8229584,-1.4896912,1.48E-05,3.20E-05,4.95E-05,4.99E-05,3.57E-05,2.63E-05,2.13E-05,0.871504736,0.803064117,0.800111876,-0.45765686,-1.119109154,-0.331498146,-0.188780785,0.147265434,0.374088287,0.527368546,0.378788948,0.281554222,0.287572861,FALSE,Southwestern
2007,1,6,2,26.9,104.3,2320.470459,0.138149,-6.1678375,-4.1693329,0.859590901,-4.09,2.029343006,22.8560379,-14.177832,0.8614441,-3.114798,-5.1451935,-7.1391205,-3.4341949,-0.2141327,2.7403503,5.5745789,6.9783264,0.045096426,0.025305309,0.935649796,0.941545992,0.970200405,0.807881336,0.794289856,0.79286233,0.793858089,0.791893187,-0.09560585,0.277385712,0.132637978,-0.158931732,-0.065972328,-0.118723869,-0.110390663,-0.102273941,-0.104152679,-0.105638504,TRUE,Southwestern
2014,2,4,8,26.3,105.9,1444.7052,0.954926,7.6953674,16.1050659,0.574412743,11.1343681,6.578107678,29.8588707,-15.9855408,-3.35755,8.1836487,2.8627411,6.8365417,11.6512695,16.0992065,19.3626953,22.3716522,23.8480316,1.41E-06,1.18E-06,6.80E-06,5.74E-05,6.59E-05,6.92E-05,7.17E-05,0.530794249,0.533745489,0.534461517,-0.257102966,0.072806358,0.1571455,0.164466858,-0.116662979,-0.589743614,-0.510341644,-0.479949951,-0.481863976,-0.48581028,FALSE,Southwestern
2011,12,9,8,25.7,118.1,1651,1,-0.9,-0.9,1,-0.9,2.658301719,25.7345843,-15.0585236,-6.5566772,-0.3122772,2.4315582,3.6934753,3.3202148,0.3935333,4.4205872,8.3570648,9.5726868,0.03713479,0.042486181,0.705241833,0.806709042,0.841805201,0.809840536,0.936487331,0.734392939,0.601694593,0.604945259,0.078010559,0.160739899,0.157704353,0.171728134,0.144665718,0.102737427,0.187413216,0.156817436,0.061559677,0.072282791,TRUE,Southeastern
2014,2,10,20,25.5,99.5,2081.417969,0.373751,1.0366455,4.0013672,0.810083688,2.5363634,0.89077193,24.6313645,-14.80802,-5.445166,-3.0540833,0.2631012,4.0913483,7.9506012,11.1101624,14.2906738,17.1632172,18.648172,1.63E-06,2.04E-06,3.10E-05,3.94E-05,5.77E-05,5.26E-05,5.26E-05,0.794093437,0.785533238,0.797866974,0.377681732,0.516850471,0.299823761,-0.120473862,-0.28813839,-0.16378212,-0.137392044,-0.163351059,-0.152744293,-0.15175724,FALSE,Southwestern
2016,1,16,20,39,117.4,3.34691453,0.712618,-11.7604431,-5.8996796,0.632712248,-7.4429759,4.2670031,0.952415,-44.6771301,-32.3555664,-21.721991,-18.6385559,-16.0052704,-13.7451843,-11.492514,-9.4619507,-8.5886749,-9.1510529,6.07E-07,2.62E-06,8.41E-06,1.06E-05,1.20E-05,1.25E-05,1.54E-05,0.937791967,0.8761691,0.795941238,-0.020508766,-0.455728531,-0.339599609,-0.19288826,0.157717705,0.365208626,0.213125229,0.117753029,0.238075256,0.238700867,FALSE,Northern
2003,12,5,20,31.6,107.1,464.8414002,1.055196,1.5333649,4.662149,0.801532496,3.2395967,1.879591971,15.7638275,-31.481604,-18.5104431,-6.1609406,-3.0040039,-2.2514252,-0.7173065,2.6458527,5.8168732,6.4114014,7.70849,5.36E-06,7.72E-06,2.41E-05,2.33E-05,3.26E-05,4.22E-05,4.80E-05,0.698401356,0.648584824,0.725854473,0.009736061,-0.111763954,0.038444519,-0.034851074,-0.062675476,-0.196174622,-0.109544754,-0.141003609,0.039244652,0.000964165,FALSE,Southwestern
2012,1,12,14,34,102.1,3492.863037,0.391805,-19.4614624,-17.1983246,0.825313269,-17.6713949,1.639270914,15.6302674,-35.1662506,-21.3670105,-11.3646301,-7.4457764,-3.9662537,-0.64646,2.5188385,5.5399414,8.4244324,9.8350922,2.03E-06,7.72E-06,1.27E-05,1.23E-05,1.23E-05,1.23E-05,1.23E-05,0.856160984,0.85664876,0.855760813,0.023113251,0.029507637,0.161016464,0.191580772,0.180157661,0.197948456,0.20365715,0.197394371,0.192440033,0.193380356,FALSE,Northwestern
2016,2,21,8,27.6,104.1,1544.063232,0.202234,1.086618,3.3434235,0.851529063,2.2749951,2.30834778,17.7344588,-15.8940033,-3.5841888,1.5038086,2.5443665,0.4860474,1.5687195,4.5269104,7.553598,10.4759155,11.8939301,1.02E-06,1.07E-05,6.26E-05,6.50E-05,4.89E-05,4.84E-05,4.87E-05,0.896088905,0.89267292,0.892167797,-0.352752686,0.056079865,-0.438384056,-0.651266098,-0.61601162,-0.472146988,-0.332040787,-0.331628799,-0.335647583,-0.33491993,FALSE,Southwestern
2006,12,28,14,29.5,103.3,1686.775635,2.998619,2.3502136,2.9180084,0.96050347,2.6404155,0.856820956,16.1125901,-29.412558,-16.1547302,-8.0458893,-5.4417328,-2.7419189,0.0441223,2.9786774,5.972467,8.8904358,10.2478729,3.58E-06,9.87E-06,2.88E-05,3.33E-05,4.01E-05,4.75E-05,5.44E-05,0.985925713,0.996646729,1.001714392,-0.184797287,-0.05339241,0.207645416,-0.181318283,-0.321433067,-0.324701309,-0.340509415,-0.246769905,-0.188623428,-0.193335533,FALSE,Southwestern
2013,2,8,14,33,119.8,1.88260496,0.159326,-8.6513733,-4.4200958,0.723201583,-5.6744353,1.519133385,3.9671804,-27.7136749,-19.3372559,-10.0990814,-8.9298767,-8.0917419,-7.4269318,-8.6145844,-10.5124725,-8.7070221,-6.9442963,7.17E-06,1.27E-05,1.50E-05,1.58E-05,1.23E-05,5.08E-06,5.17E-06,0.630764084,0.82528554,0.733661299,-0.031300545,-0.008019447,0.115447998,0.062710762,0.120019913,0.186610222,0.133703232,0.15460968,0.05591774,-0.002934456,FALSE,Southeastern
2007,1,21,2,29.5,119.3,66.1567688,0.591379,4.4469696,5.6206757,0.92155103,5.0568387,2.25303986,13.8938483,-28.1949982,-15.2580475,-4.8398956,-2.3862976,-0.8245911,0.213327,0.8608795,1.7288452,2.108728,3.545816,2.29E-06,1.91E-05,3.67E-05,4.31E-05,4.68E-05,4.71E-05,4.57E-05,0.967773218,0.986201019,0.958273602,0.033248901,-0.06833744,0.035251617,0.000346184,-0.089251518,-0.059445381,-0.062354088,0.019288063,0.14321804,0.184344292,FALSE,Southeastern
2011,1,30,8,27.4,104.9,1664.376953,0.450052,-4.9478821,-2.2368988,0.81664779,-4.15,1.702218558,19.9705128,-25.7434753,-14.5062927,-2.7655701,-4.5927338,-7.846106,-4.8817963,-1.5858521,1.4062592,4.2680603,5.6406342,0.109622107,0.187816324,0.496346369,0.932769041,0.923559609,0.890834858,0.855156372,0.852126169,0.853839741,0.852959766,-0.31602478,0.048524857,-0.22046566,-0.362773895,-0.38498497,-0.339188576,-0.209540367,-0.203456879,-0.213173866,-0.214033127,TRUE,Southwestern
2002,12,20,14,31.9,120,6.43372011,6.202519,7.9231659,9.1003815,0.923401428,8.4791103,3.977112762,16.2097939,-31.3297638,-18.8722748,-6.3455261,-2.6165222,-0.87435,1.4912964,3.0714508,5.5466858,7.4589935,7.7851196,1.68E-06,7.26E-06,3.18E-05,4.15E-05,4.76E-05,5.33E-05,5.52E-05,0.841858254,0.912998323,0.928597012,-0.191482544,-0.083216667,0.052050591,0.028362274,0.017994881,-0.163352013,-0.23216629,-0.179045677,-0.151794434,-0.080839157,FALSE,Southeastern
2007,2,27,8,28.7,113.6,115.9822998,7.480286,12.1711517,14.8357178,0.840776323,13.2448135,1.461187783,23.2365813,-22.9170288,-13.6548218,0.0125061,3.5537048,6.6050507,8.3635651,9.7780243,12.0250031,11.7677551,13.3339783,1.28E-06,2.99E-06,4.65E-05,6.31E-05,7.86E-05,8.54E-05,8.85E-05,0.829777212,0.854369087,0.851627388,-0.078577042,0.335638046,-0.483710289,-0.561210632,-0.446090698,-0.157142639,-0.062223434,0.029720306,0.143836975,0.122546196,FALSE,Central
2010,12,12,20,37.5,115.3,26.2159996,0.454548,-4.0714935,-0.4391388,0.76461151,-1.7686991,5.744261216,8.1305255,-35.3272308,-23.9227051,-12.6778625,-10.0384277,-7.5337433,-8.0934662,-4.6404785,-3.7062286,-5.3425049,-4.0377716,2.67E-07,2.30E-06,1.76E-05,1.83E-05,1.55E-05,2.29E-05,3.09E-05,0.989247456,0.976112747,0.937825632,-0.046301842,-0.102136612,-0.093665123,-0.077454567,-0.065253258,-0.114230156,-0.356358528,-0.464500427,-0.250967026,-0.166794777,FALSE,Northern
2004,12,30,8,25.8,104.6,1723.706543,2.106301,-4.7770599,-0.8158936,0.745272063,-1.78,3.158035054,22.777787,-18.0004028,-5.2897247,-3.2856964,-5.6515717,-7.110083,-2.3054871,0.5412384,3.5976501,6.4864136,7.8622375,0.111735582,0.030846195,0.993414965,0.961645351,0.954492197,0.769013186,0.740702648,0.740381546,0.735790415,0.737237673,-0.017361641,0.002577782,-0.193372726,-0.170456886,-0.278406143,-0.353005409,-0.25073719,-0.25394249,-0.229550362,-0.228723526,TRUE,Southwestern
2013,2,4,8,30.2,115,43.77009201,1.689836,7.5968567,9.3641907,0.887213481,8.4340693,3.063503863,24.8608007,-23.1133331,-12.9517426,-1.2757477,2.9088531,6.3871094,8.8351074,11.3280121,10.2861877,6.3948151,6.2389923,1.07E-05,1.94E-05,3.73E-05,5.20E-05,7.14E-05,8.83E-05,9.98E-05,0.99570652,0.918263464,0.957375403,-0.243943214,-0.177714348,-0.489105225,-0.254961967,-0.136315346,-0.133657455,-0.170505524,-0.071274757,0.053202629,0.141906738,FALSE,Central
2004,2,19,20,24.5,109.8,202.7269135,0.224385,12.8233734,14.3016754,0.908307139,13.4087691,2.109120903,24.4091033,-22.8095306,-10.6032623,0.6407257,3.839151,7.0060516,8.5876862,10.8975311,13.8394562,16.1629883,16.948526,1.89E-06,5.43E-06,3.67E-05,5.40E-05,6.42E-05,6.45E-05,7.28E-05,0.641380062,0.740060167,0.756764631,0.161459923,0.20009613,0.071868896,-0.19233036,-0.487776756,-0.622169495,-0.599703789,-0.629789352,-0.607215881,-0.408533096,FALSE,Southern
2018,12,27,20,31.1,107.9,634.034668,1.64507,1.2244507,3.9586731,0.823553346,2.7295203,2.821493101,10.5798293,-19.4371399,-7.1527618,-10.4614319,-7.3127502,-6.2565979,-4.5963043,-2.3024506,0.334787,3.9130341,5.2847687,1.54E-06,2.75E-06,2.34E-05,2.98E-05,3.04E-05,3.30E-05,3.36E-05,0.824366636,0.754602156,0.788819189,-0.102938652,-0.047450066,-0.173900604,-0.375242233,-0.40247345,-0.341053963,0.012934685,0.186718941,0.119843483,0.106761932,FALSE,Southwestern
2014,2,4,14,36.5,101.6,2521.203613,0.296429,-15.8854279,-5.4693665,0.437450454,-8.543297,1.501167662,20.7386865,-29.6387695,-15.8615631,-3.2012848,-2.5824951,0.7311798,4.1796661,7.3952118,10.457193,13.3865601,14.80578,4.68E-06,7.97E-06,1.27E-05,1.48E-05,1.48E-05,1.48E-05,1.47E-05,0.36506669,0.362757149,0.3636308,-0.43270874,-0.681861877,-0.277667999,-0.329431534,-0.196538925,-0.1810112,-0.18847847,-0.179503441,-0.177368164,-0.175393105,FALSE,Northwestern
2011,2,15,14,31.6,104.6,567.0978394,1.657251,1.8870026,4.391687,0.837747464,3.2394674,0.245443661,11.3981014,-27.8176483,-13.9171967,0.3182312,-3.5467896,-7.0443329,-4.8078979,-1.5213684,1.0311066,4.37005,5.7672668,2.05E-06,7.72E-06,1.78E-05,2.22E-05,2.57E-05,3.02E-05,3.56E-05,0.897409897,0.849257609,0.860165739,0.375351906,0.041680336,0.098991394,0.236801147,0.114326477,-0.021857262,-0.151245117,0.05100441,0.075995445,0.065423012,FALSE,Southwestern
2005,1,8,8,27.2,111.7,259.762207,0.126109,-1.3080505,3.7141663,0.697212647,1.650223,2.74387956,12.232112,-24.4017242,-13.0820679,-6.0601562,-2.3670868,-0.0142426,1.1270538,-0.7253021,-1.1737579,0.2768951,2.3826691,2.06E-06,2.21E-06,3.21E-05,4.39E-05,4.93E-05,5.09E-05,4.10E-05,0.8808636,0.850355425,0.750500574,-0.039273262,0.083075523,0.094532013,-0.073858261,-0.047598839,-0.014709473,-0.071058273,-0.143647194,-0.003495216,-0.022110939,FALSE,Central
2004,12,3,8,37.4,114.8,26.17481804,0.660948,7.2178589,9.8512512,0.836743042,8.4733479,1.490515685,16.5652016,-32.009848,-19.2052826,-7.7748474,-4.9427246,-2.2699036,0.5403687,3.411142,6.4464508,9.1207977,9.643869,4.66E-06,1.30E-05,2.67E-05,2.35E-05,1.85E-05,1.72E-05,2.44E-05,0.554133196,0.601669666,0.669469696,0.135816574,0.108188629,0.009129524,0.169381142,0.075155258,-0.189526558,-0.079544067,0.177472115,0.246289253,0.261054039,FALSE,Northern
2014,1,8,20,24.9,103.2,1904.026855,0.575709,3.6205536,4.2274261,0.958273178,3.9165233,1.457004936,21.0774613,-17.3250031,-11.9130768,-0.7612213,1.8212677,5.0292908,4.351709,7.7176147,10.8494354,13.7795959,15.1812378,8.32E-07,1.65E-06,1.38E-05,4.04E-05,5.88E-05,6.44E-05,6.61E-05,0.970303488,0.967227278,0.967485466,0.298211098,0.03961277,-0.21548748,-0.352655411,-0.285938263,-0.159665108,-0.066082954,-0.069644928,-0.072535515,-0.072299957,FALSE,Southwestern
2004,2,6,14,30.4,102.8,1386.863403,2.304265,-6.8805908,-5.5123047,0.900786066,-5.9985355,0.270460776,9.5911954,-32.7372803,-20.3931946,-15.1652435,-13.1830811,-9.9110931,-6.4036011,-3.2461304,-0.3539032,2.4890228,3.8205811,3.20E-06,9.54E-06,1.27E-05,1.44E-05,1.81E-05,2.24E-05,2.83E-05,0.911881952,0.902219706,0.908593283,0.118302345,0.379327774,-0.735480309,-0.575145721,-0.319377899,-0.161060333,0.024614334,0.028654099,0.016524315,0.02287674,FALSE,Southwestern
2002,1,30,20,26.9,104.3,2320.470459,7.93106,-2.2448334,-1.587088,0.952695334,-0.7,1.47366738,30.4558537,-21.7787537,-17.5801758,-3.6082672,-0.127066,-1.4600433,-0.1292328,3.0506226,6.072641,8.9201752,10.3277374,0.024088321,0.477544613,0.929294004,0.975264025,0.961732645,0.957608089,0.958896236,0.95689743,0.956201992,0.953865957,-0.067411423,0.021290779,-0.169096947,-0.81829834,-0.677680016,-0.349738121,-0.340380669,-0.335454941,-0.337400436,-0.334650993,TRUE,Southwestern
2007,12,28,20,26.5,113.8,504.0777893,6.724435,6.5044952,6.9666229,0.968768164,6.728277,1.085331289,14.9704941,-13.6612305,0.1773468,-2.3098511,-0.3757996,1.7786194,1.1676422,1.8885284,3.7504517,6.1259552,7.6277557,7.87E-07,8.40E-07,2.95E-05,4.62E-05,5.15E-05,5.07E-05,5.14E-05,1.002092667,0.997780113,0.985460167,0.159036636,-0.241107941,0.082334518,0.093455315,-0.003684044,-0.090797424,-0.030646324,-0.058553696,-0.152275085,-0.051301956,FALSE,Central
2003,1,1,14,34.6,109.1,379.5275574,1.054117,-6.0395721,-2.010611,0.739248651,-3.4025097,0.754825491,6.8304817,-30.6056274,-21.8246216,-12.0773224,-9.803183,-8.0562805,-6.7514252,-5.8814453,-4.8627533,-3.079718,-1.9119781,4.94E-06,1.05E-05,2.08E-05,2.33E-05,2.52E-05,2.65E-05,2.67E-05,0.857840099,0.681257076,0.670559521,-0.090796471,-0.348465919,-0.0447855,-0.003458977,-0.056264877,-0.067576408,-0.063718796,0.048295975,0.138951302,0.170589447,FALSE,Northwestern
